Stephen Skory <s@skory.us> Stephen Skory <stephenskory@yahoo.com>
Stephen Skory <s@skory.us> "Stephen Skory stephenskory@yahoo.com" <"Stephen Skory stephenskory@yahoo.com">
Yuan Li <yuan@astro.columbia.edu> Yuan Li <bear0980@gmail.com>
Chris Moody <juxtaposicion@gmail.com> Chris Moody <cemoody@ucsc.edu>
Chris Moody <juxtaposicion@gmail.com> Christopher Erick Moody <cemoody@ucsc.edu>
Cameron Hummels <chummels@gmail.com> Cameron Hummels <chummels@astro.columbia.edu>
Cameron Hummels <chummels@gmail.com> chummels <chummels@gmail.com>
John Wise <jwise@physics.gatech.edu> John Wise <jwise@astro.princeton.edu>
Sam Skillman <samskillman@gmail.com> Sam Skillman <sam.skillman@gmail.com>
Sam Skillman <samskillman@gmail.com> samskillman <sam.skillman@gmail.com>
Casey Stark <caseywstark@gmail.com> Casey Stark <casey@thestarkeffect.com>
Christian Karch <chiffre@posteo.de> chiffre <none@none>
Christian Karch <chiffre@posteo.de> Christian Karch <none@none>
Andrew Myers <atmyers2@gmail.com> Andrew Myers <atmyers@berkeley.edu>
Andrew Myers <atmyers2@gmail.com> atmyers <none@none>
Douglas Rudd <drudd@uchicago.edu> drudd <none@none>
Andrew Wetzel <andrew.wetzel@yale.edu> awetzel <none@none>
David Collins <dcollins4096@gmail.com> David Collins <dcollins@physics.ucsd.edu>
David Collins <dcollins4096@gmail.com> dcollins4096 <none@none>
David Collins <dcollins4096@gmail.com> David Collins (dcollins4096@gmail.com) <David Collins (dcollins4096@gmail.com)>
Tom Abel <tabel@slac.stanford.edu> tabel <none@none>
Kaylea Nelson <kaylea.nelson@yale.edu> sername=kayleanelson <none@none>
Kaylea Nelson <kaylea.nelson@yale.edu> kayleanelson <none@none
Kaylea Nelson <kaylea.nelson@yale.edu> kayleanelson <none@none>
Stephanie Tonnesen <stonnes@gmail.com> stonnes <stonnes@gmail.com>
John Forbes <jcforbes@ucsc.edu> John Forbes <jforbes@ucolick.org>
Elliott Biondo <biondo@wisc.edu> Elliott Biondo <Biondo@wisc.edu>
Sam Geen <samgeen@gmail.com> Sam Geen <samgeen@googlemail.com>
Alex Bogert <fbogert@ucsc.edu> fbogert <none@none>
Brian O'Shea <oshea@msu.edu> bwoshea <none@none>
Ji-hoon Kim <me@jihoonkim.org> Ji-hoon Kim <mornkr@slac.stanford.edu>
Kirk Barrow <kssbarrow@gatech.edu> Kirk Barrow <kssbarrow@gmail.com>
Kirk Barrow <kssbarrow@gatech.edu> Kirk Barrow <kassbarrow@gmail.com>
Kirk Barrow <kssbarrow@gatech.edu> kbarrow <none@none>
Kirk Barrow <kssbarrow@gatech.edu> kbarrow <kassbarrow@gmail.com>
Antoine Strugarek <antoine.strugarek@cea.fr> Antoine Strugarek <strugarek@astro.umontreal.ca>
Antoine Strugarek <antoine.strugarek@cea.fr> astrugarek <strugarek@astro.umontreal.ca>
Antoine Strugarek <antoine.strugarek@cea.fr> Antoine Strugarek <antoine.strugarek@cea.fr>
Anna Rosen <rosen@ucolick.org> Anna Rosen <alrosen@ucsc.edu>
John ZuHone <jzuhone@gmail.com> jzuhone <none@none>
John ZuHone <jzuhone@gmail.com> jzuhone <jzuhone@gmail.com>
Kenza Arraki <karraki@nmsu.edu> Kenza Arraki <karraki@gmail.com>
Allyson Julian <astrohckr@gmail.com> Allyson Julian <hckr@eml.cc>
Allyson Julian <astrohckr@gmail.com> Allyson Julian <julian3@illinois.edu>
Allyson Julian <astrohckr@gmail.com> Allyson Julian <aj@hckr.eml.cc>
Allyson Julian <astrohckr@gmail.com> AJ <astrohckr@gmail.com>
Allyson Julian <astrohckr@gmail.com> Al Jul <hckr@eml.cc>
Allyson Julian <astrohckr@gmail.com> AJ <aj@hckr.eml.cc>
Allyson Julian <astrohckr@gmail.com> AJ <hckr@eml.cc>
Brian Crosby <bcrosby.bd@gmail.com> bcrosby <bcrosby.bd@gmail.com>
Ben Thompson <bthompson2090@gmail.com> Ben Thompson <none@none>
Ben Thompson <bthompson2090@gmail.com> cosmosquark <none@none>
Chris Malone <chris.m.malone@gmail.com> Chris Malone <chris.m.malone@lanl.gov>
Chris Malone <chris.m.malone@gmail.com> ChrisMalone <chris.m.malone@gmail.com>
Chris Malone <chris.m.malone@gmail.com> ChrisMalone <chris.m.malone@lanl.gov>
Jill Naiman <jnaiman@cfa.harvard.edu> Jill Naiman <jnaiman@ucolick.org>
Jill Naiman <jnaiman@cfa.harvard.edu> jnaiman <none@none>
Jill Naiman <jnaiman@cfa.harvard.edu> jnaiman <jnaiman@ucolick.org>
Ricarda Beckmann <ricarda.beckmann@astro.ox.ac.uk> RicardaBeckmann <ricarda.beckmann@astro.ox.ac.uk>
Miguel de Val-Borro <miguel.deval@gmail.com> Miguel de Val-Borro <miguel@archlinux.net>
Stuary Levy <salevy@illinois.edu> Stuart Levy <slevy@ncsa.illinois.edu>
Ben Keller <malzraa@gmail.com> Ben Keller <kellerbw@mcmaster.ca>
Daniel Fenn <df11c@my.fsu.edu> dfenn <none@none>
Meagan Lang <langmm.astro@gmail.com> langmm <none@none>
Joseph Tomlinson <jmtomlinson95@gmail.com> jmt354 <none@none>
Desika Narayanan <dnarayan@haverford.edu> desika <none@none>
Nathan Goldbaum <ngoldbau@illinois.edu> Nathan Goldbaum <goldbaum@ucolick.org>
Nathan Goldbaum <ngoldbau@illinois.edu> Nathan Goldbaum <ngoldbau@ucsc.edu>
Fabian Koller <anokfireball@poseto.de> NTAuthority@honeypot.fritz.box <NTAuthority@honeypot.fritz.box>
Fabian Koller <anokfireball@posteo.de> NTAuthority@guest053.fz-rossendorf.de <NTAuthority@guest053.fz-rossendorf.de>
Fabian Koller <anokfireball@posteo.de> NTAuthority@guest692.fz-rossendorf.de <NTAuthority@guest692.fz-rossendorf.de>
Fabian Koller <anokfireball@posteo.de> NTAuthority@guest692.fz-rossendorf.de <NTAuthority@guest692.fz-rossendorf.de>
Fabian Koller <anokfireball@posteo.de> Fabian Koller <none@none>
Rafael Ruggiero <rafael.ruggiero@usp.br> Rafael Ruggiero <none@none>
John Regan <john.regan@helsinki.fi> John Regan <john.a.regan@durham.ac.uk>
Axel Huebl <a.huebl@hzdr.de> Axel Huebl <code@andre-bubel.de>
Gabriel Altay <gabriel.altay@gmail.com> galtay <gabriel.altay@gmail.com>
Mark Richardson <Mark.Richardson.Work@gmail.com> Mark Richardson <Mark.L.Richardson@asu.edu>
Jared Coughlin <jcoughl2@nd.edu> Jared <none@none>
Corentin Cadiou <corentin.cadiou@iap.fr> cphyc <contact@cphyc.me>
Corentin Cadiou <corentin.cadiou@iap.fr> ccc@pingouin.local <ccc@pingouin.local>
Corentin Cadiou <corentin.cadiou@iap.fr> ccc@pingouin-2.local <ccc@pingouin-2.local>
Corentin Cadiou <corentin.cadiou@iap.fr> Corentin Cadiou <contact@cphyc.me>
convert-repo <none@none> None <none@none>
Patrick Shriwise <shriwise@wisc.edu> pshriwise <shriwise@wisc.edu>
Michael Zingale <michael.zingale@stonybrook.edu> Michael  Zingale <michael.zingale@stonybrook.edu>
Sam Leitner <sam.leitner@gmail.com> Sam  Leitner <sam.leitner@gmail.com>
Geoffrey So <gsiisg@gmail.com> gsiisg <gsiisg@gmail.com>
Matthew Turk <matthewturk@gmail.com> Matt Turk <matthewturk@gmail.com>